mnemonic,dataset,category,description,frequency,last_updated
FICC-SPONSORED_REPO_VOL,ficc,,,,2026-04-09
FICC-SPONSORED_REVREPO_VOL,ficc,,,,2026-04-09
FPF-ALLQHF_ALTERNATE_COUNT,fpf,,,,2026-04-09
FPF-ALLQHF_CANGATE_PERCENT,fpf,,,,2026-04-09
FPF-ALLQHF_CANSUSPEND_PERCENT,fpf,,,,2026-04-09
FPF-ALLQHF_CDSDOWN250BPS_P5,fpf,,,,2026-04-09
FPF-ALLQHF_CDSDOWN250BPS_P50,fpf,,,,2026-04-09
FPF-ALLQHF_CDSUP250BPS_P5,fpf,,,,2026-04-09
FPF-ALLQHF_CDSUP250BPS_P50,fpf,,,,2026-04-09
FPF-ALLQHF_COUNT,fpf,,,,2026-04-09
FPF-ALLQHF_CREDIT_OPENPOSITIONS_AVERAGE,fpf,,,,2026-04-09
FPF-ALLQHF_CURRENCYDOWN20P_P5,fpf,,,,2026-04-09
FPF-ALLQHF_CURRENCYDOWN20P_P50,fpf,,,,2026-04-09
FPF-ALLQHF_CURRENCYUP20P_P5,fpf,,,,2026-04-09
FPF-ALLQHF_CURRENCYUP20P_P50,fpf,,,,2026-04-09
FPF-ALLQHF_CURRENTLYGATES_PERCENT,fpf,,,,2026-04-09
FPF-ALLQHF_CURRENTLYSUSPENSIONS_PERCENT,fpf,,,,2026-04-09
FPF-ALLQHF_EQDOWN20P_P5,fpf,,,,2026-04-09
FPF-ALLQHF_EQDOWN20P_P50,fpf,,,,2026-04-09
FPF-ALLQHF_EQUITY_OPENPOSITIONS_AVERAGE,fpf,,,,2026-04-09
FPF-ALLQHF_EQUP20P_P5,fpf,,,,2026-04-09
FPF-ALLQHF_EQUP20P_P50,fpf,,,,2026-04-09
FPF-ALLQHF_EVENT_OPENPOSITIONS_AVERAGE,fpf,,,,2026-04-09
FPF-ALLQHF_FINANCINGLIQUIDITYLE7_SUM,fpf,,,,2026-04-09
FPF-ALLQHF_FINANCINGLIQUIDTYGT1LE7_PERCENT,fpf,,,,2026-04-09
FPF-ALLQHF_FINANCINGLIQUIDTYGT1LE7_SUM,fpf,,,,2026-04-09
FPF-ALLQHF_FINANCINGLIQUIDTYGT7LE90_PERCENT,fpf,,,,2026-04-09
FPF-ALLQHF_FINANCINGLIQUIDTYGT7LE90_SUM,fpf,,,,2026-04-09
FPF-ALLQHF_FINANCINGLIQUIDTYGT90_PERCENT,fpf,,,,2026-04-09
FPF-ALLQHF_FINANCINGLIQUIDTYGT90_SUM,fpf,,,,2026-04-09
FPF-ALLQHF_FINANCINGLIQUIDTYLE1_PERCENT,fpf,,,,2026-04-09
FPF-ALLQHF_FINANCINGLIQUIDTYLE1_SUM,fpf,,,,2026-04-09
FPF-ALLQHF_FUTURES_OPENPOSITIONS_AVERAGE,fpf,,,,2026-04-09
FPF-ALLQHF_GAVN10_BORROWING_PERCENT,fpf,,,,2026-04-09
FPF-ALLQHF_GAVN10_CASHRATIO_AVERAGE,fpf,,,,2026-04-09
FPF-ALLQHF_GAVN10_COUNT_AVERAGE,fpf,,,,2026-04-09
FPF-ALLQHF_GAVN10_DERVOLOTC_AVERAGE,fpf,,,,2026-04-09
FPF-ALLQHF_GAVN10_GAV_SHARE,fpf,,,,2026-04-09
FPF-ALLQHF_GAVN10_LEVERAGERATIO_AVERAGE,fpf,,,,2026-04-09
FPF-ALLQHF_GAVN10_OPENPOSITIONS_SUM,fpf,,,,2026-04-09
FPF-ALLQHF_GAVN10_SHARE_AVERAGE,fpf,,,,2026-04-09
FPF-ALLQHF_GAVN11TO50_CASHRATIO_AVERAGE,fpf,,,,2026-04-09
FPF-ALLQHF_GAVN11TO50_COUNT_AVERAGE,fpf,,,,2026-04-09
FPF-ALLQHF_GAVN11TO50_DERVOLOTC_AVERAGE,fpf,,,,2026-04-09
FPF-ALLQHF_GAVN11TO50_LEVERAGERATIO_AVERAGE,fpf,,,,2026-04-09
FPF-ALLQHF_GAVN11TO50_SHARE_AVERAGE,fpf,,,,2026-04-09
FPF-ALLQHF_GAVN51_CASHRATIO_AVERAGE,fpf,,,,2026-04-09
FPF-ALLQHF_GAVN51_COUNT_AVERAGE,fpf,,,,2026-04-09
FPF-ALLQHF_GAVN51_DERVOLOTC_AVERAGE,fpf,,,,2026-04-09
FPF-ALLQHF_GAVN51_LEVERAGERATIO_AVERAGE,fpf,,,,2026-04-09
FPF-ALLQHF_GAVN51_SHARE_AVERAGE,fpf,,,,2026-04-09
FPF-ALLQHF_GAV_SUM,fpf,,,,2026-04-09
FPF-ALLQHF_GNE_SUM,fpf,,,,2026-04-09
FPF-ALLQHF_INVESTORLIQUIDITYGT7LE90_PERCENT,fpf,,,,2026-04-09
FPF-ALLQHF_INVESTORLIQUIDITYGT7LE90_SUM,fpf,,,,2026-04-09
FPF-ALLQHF_INVESTORLIQUIDITYGT90_PERCENT,fpf,,,,2026-04-09
FPF-ALLQHF_INVESTORLIQUIDITYGT90_SUM,fpf,,,,2026-04-09
FPF-ALLQHF_INVESTORLIQUIDITYLE7_PERCENT,fpf,,,,2026-04-09
FPF-ALLQHF_INVESTORLIQUIDITYLE7_SUM,fpf,,,,2026-04-09
FPF-ALLQHF_L3ASSETS_PERCENT,fpf,,,,2026-04-09
FPF-ALLQHF_MACRO_OPENPOSITIONS_AVERAGE,fpf,,,,2026-04-09
FPF-ALLQHF_MULTI_OPENPOSITIONS_AVERAGE,fpf,,,,2026-04-09
FPF-ALLQHF_N10_GNE_PERCENT,fpf,,,,2026-04-09
FPF-ALLQHF_NAV_SUM,fpf,,,,2026-04-09
FPF-ALLQHF_NONGSIB_SUM,fpf,,,,2026-04-09
FPF-ALLQHF_NONUSGSIB_SUM,fpf,,,,2026-04-09
FPF-ALLQHF_NO_COUNTNA,fpf,,,,2026-04-09
FPF-ALLQHF_NR_COUNT,fpf,,,,2026-04-09
FPF-ALLQHF_OTHER_OPENPOSITIONS_AVERAGE,fpf,,,,2026-04-09
FPF-ALLQHF_PARTY10_SUM,fpf,,,,2026-04-09
FPF-ALLQHF_PARTY1_SUM,fpf,,,,2026-04-09
FPF-ALLQHF_PARTY2_SUM,fpf,,,,2026-04-09
FPF-ALLQHF_PARTY3_SUM,fpf,,,,2026-04-09
FPF-ALLQHF_PARTY4_SUM,fpf,,,,2026-04-09
FPF-ALLQHF_PARTY5_SUM,fpf,,,,2026-04-09
FPF-ALLQHF_PARTY6_SUM,fpf,,,,2026-04-09
FPF-ALLQHF_PARTY7_SUM,fpf,,,,2026-04-09
FPF-ALLQHF_PARTY8_SUM,fpf,,,,2026-04-09
FPF-ALLQHF_PARTY9_SUM,fpf,,,,2026-04-09
FPF-ALLQHF_PORTFOLIOLIQUIDITYGT1LE7_PERCENT,fpf,,,,2026-04-09
FPF-ALLQHF_PORTFOLIOLIQUIDITYGT1LE7_SUM,fpf,,,,2026-04-09
FPF-ALLQHF_PORTFOLIOLIQUIDITYGT7LE90_PERCENT,fpf,,,,2026-04-09
FPF-ALLQHF_PORTFOLIOLIQUIDITYGT7LE90_SUM,fpf,,,,2026-04-09
FPF-ALLQHF_PORTFOLIOLIQUIDITYGT90_PERCENT,fpf,,,,2026-04-09
FPF-ALLQHF_PORTFOLIOLIQUIDITYGT90_SUM,fpf,,,,2026-04-09
FPF-ALLQHF_PORTFOLIOLIQUIDITYLE1_PERCENT,fpf,,,,2026-04-09
FPF-ALLQHF_PORTFOLIOLIQUIDITYLE1_SUM,fpf,,,,2026-04-09
FPF-ALLQHF_PORTFOLIOLIQUIDITYLE7_SUM,fpf,,,,2026-04-09
FPF-ALLQHF_RFDOWN75BPS_P5,fpf,,,,2026-04-09
FPF-ALLQHF_RFDOWN75BPS_P50,fpf,,,,2026-04-09
FPF-ALLQHF_RFUP75BPS_P5,fpf,,,,2026-04-09
FPF-ALLQHF_RFUP75BPS_P50,fpf,,,,2026-04-09
FPF-ALLQHF_RNT_COUNT,fpf,,,,2026-04-09
FPF-ALLQHF_RT_COUNT,fpf,,,,2026-04-09
FPF-ALLQHF_RV_OPENPOSITIONS_AVERAGE,fpf,,,,2026-04-09
FPF-ALLQHF_SIDEPOCKET_SUM,fpf,,,,2026-04-09
FPF-ALLQHF_USGSIB_SUM,fpf,,,,2026-04-09
FPF-ALLQHF_YES_COUNT,fpf,,,,2026-04-09
FPF-ASSETCLASS_CREDIT_GNE_CHANGE,fpf,,,,2026-04-09
FPF-ASSETCLASS_CREDIT_GNE_PCTCHANGE,fpf,,,,2026-04-09
FPF-ASSETCLASS_CREDIT_GNE_SUM,fpf,,,,2026-04-09
FPF-ASSETCLASS_CREDIT_LGNE_SUM,fpf,,,,2026-04-09
FPF-ASSETCLASS_CREDIT_N10_GNE_SUM,fpf,,,,2026-04-09
FPF-ASSETCLASS_CREDIT_SGNE_SUM,fpf,,,,2026-04-09
FPF-ASSETCLASS_EQUITIES_GNE_CHANGE,fpf,,,,2026-04-09
FPF-ASSETCLASS_EQUITIES_GNE_SUM,fpf,,,,2026-04-09
FPF-ASSETCLASS_EQUITIES_LGNE_SUM,fpf,,,,2026-04-09
FPF-ASSETCLASS_EQUITIES_N10_GNE_SUM,fpf,,,,2026-04-09
FPF-ASSETCLASS_EQUITIES_SGNE_SUM,fpf,,,,2026-04-09
FPF-ASSETCLASS_EQUITY_GNE_PCTCHANGE,fpf,,,,2026-04-09
FPF-ASSETCLASS_FX_GNE_CHANGE,fpf,,,,2026-04-09
FPF-ASSETCLASS_FX_GNE_PCTCHANGE,fpf,,,,2026-04-09
FPF-ASSETCLASS_FX_GNE_SUM,fpf,,,,2026-04-09
FPF-ASSETCLASS_FX_LGNE_SUM,fpf,,,,2026-04-09
FPF-ASSETCLASS_FX_N10_GNE_SUM,fpf,,,,2026-04-09
FPF-ASSETCLASS_FX_SGNE_SUM,fpf,,,,2026-04-09
FPF-ASSETCLASS_IRD_GNE_CHANGE,fpf,,,,2026-04-09
FPF-ASSETCLASS_IRD_GNE_PCTCHANGE,fpf,,,,2026-04-09
FPF-ASSETCLASS_IRD_GNE_SUM,fpf,,,,2026-04-09
FPF-ASSETCLASS_IRD_LGNE_SUM,fpf,,,,2026-04-09
FPF-ASSETCLASS_IRD_N10_GNE_SUM,fpf,,,,2026-04-09
FPF-ASSETCLASS_IRD_SGNE_SUM,fpf,,,,2026-04-09
FPF-ASSETCLASS_LEQYDERIV_SUM,fpf,,,,2026-04-09
FPF-ASSETCLASS_LEQYSEC_SUM,fpf,,,,2026-04-09
FPF-ASSETCLASS_LTREASURY_SUM,fpf,,,,2026-04-09
FPF-ASSETCLASS_OTHER_GNE_CHANGE,fpf,,,,2026-04-09
FPF-ASSETCLASS_OTHER_GNE_PCTCHANGE,fpf,,,,2026-04-09
FPF-ASSETCLASS_OTHER_GNE_SUM,fpf,,,,2026-04-09
FPF-ASSETCLASS_OTHER_LGNE_SUM,fpf,,,,2026-04-09
FPF-ASSETCLASS_OTHER_N10_GNE_SUM,fpf,,,,2026-04-09
FPF-ASSETCLASS_OTHER_SGNE_SUM,fpf,,,,2026-04-09
FPF-ASSETCLASS_REPO_REPO_SUM,fpf,,,,2026-04-09
FPF-ASSETCLASS_REPO_REVERSEREPO_SUM,fpf,,,,2026-04-09
FPF-ASSETCLASS_SEQYDERIV_SUM,fpf,,,,2026-04-09
FPF-ASSETCLASS_SEQYSEC_SUM,fpf,,,,2026-04-09
FPF-ASSETCLASS_SOVEREIGN_GNE_CHANGE,fpf,,,,2026-04-09
FPF-ASSETCLASS_SOVEREIGN_GNE_PCTCHANGE,fpf,,,,2026-04-09
FPF-ASSETCLASS_SOVEREIGN_GNE_SUM,fpf,,,,2026-04-09
FPF-ASSETCLASS_SOVEREIGN_LGNE_SUM,fpf,,,,2026-04-09
FPF-ASSETCLASS_SOVEREIGN_N10_GNE_SUM,fpf,,,,2026-04-09
FPF-ASSETCLASS_SOVEREIGN_SGNE_SUM,fpf,,,,2026-04-09
FPF-ASSETCLASS_STREASURY_SUM,fpf,,,,2026-04-09
FPF-ASSETCLASS_USGOV_GNE_CHANGE,fpf,,,,2026-04-09
FPF-ASSETCLASS_USGOV_GNE_PCTCHANGE,fpf,,,,2026-04-09
FPF-ASSETCLASS_USGOV_GNE_SUM,fpf,,,,2026-04-09
FPF-ASSETCLASS_USGOV_LGNE_SUM,fpf,,,,2026-04-09
FPF-ASSETCLASS_USGOV_N10_GNE_SUM,fpf,,,,2026-04-09
FPF-ASSETCLASS_USGOV_SGNE_SUM,fpf,,,,2026-04-09
FPF-BORROW_OTHERSECURED_PCTCHANGE,fpf,,,,2026-04-09
FPF-BORROW_OTHERSECURED_SUM,fpf,,,,2026-04-09
FPF-BORROW_PRIMEBROKER_PCTCHANGE,fpf,,,,2026-04-09
FPF-BORROW_PRIMEBROKER_SUM,fpf,,,,2026-04-09
FPF-BORROW_REPO_GAVN10_PERCENT,fpf,,,,2026-04-09
FPF-BORROW_REPO_GAVN10_SUM,fpf,,,,2026-04-09
FPF-BORROW_REPO_GAVN11TO50_PERCENT,fpf,,,,2026-04-09
FPF-BORROW_REPO_GAVN51_PERCENT,fpf,,,,2026-04-09
FPF-BORROW_REPO_PCTCHANGE,fpf,,,,2026-04-09
FPF-BORROW_REPO_SUM,fpf,,,,2026-04-09
FPF-COLLATERALTYPE_CASH_COLLATERAL_SUM,fpf,,,,2026-04-09
FPF-COLLATERALTYPE_OTHER_COLLATERAL_SUM,fpf,,,,2026-04-09
FPF-COLLATERALTYPE_SECURITIES_COLLATERAL_SUM,fpf,,,,2026-04-09
FPF-GAVN10_OCRATEALL_PERCENT,fpf,,,,2026-04-09
FPF-GAVN10_OCRATEEXOTHER_PERCENT,fpf,,,,2026-04-09
FPF-GAVN11TO50_OCRATEALL_PERCENT,fpf,,,,2026-04-09
FPF-GAVN11TO50_OCRATEEXOTHER_PERCENT,fpf,,,,2026-04-09
FPF-GAVN51_OCRATEALL_PERCENT,fpf,,,,2026-04-09
FPF-GAVN51_OCRATEEXOTHER_PERCENT,fpf,,,,2026-04-09
FPF-INVESTOMUNI_NAVWMEAN,fpf,,,,2026-04-09
FPF-INVESTORFI_NAVWMEAN,fpf,,,,2026-04-09
FPF-INVESTORNONPROF_NAVWMEAN,fpf,,,,2026-04-09
FPF-INVESTORNONUS_NAVWMEAN,fpf,,,,2026-04-09
FPF-INVESTOROTHER_NAVWMEAN,fpf,,,,2026-04-09
FPF-INVESTORPENSION_NAVWMEAN,fpf,,,,2026-04-09
FPF-INVESTORPRIVFUND_NAVWMEAN,fpf,,,,2026-04-09
FPF-INVESTORUSINDV_NAVWMEAN,fpf,,,,2026-04-09
FPF-OCRATEALL_PERCENT,fpf,,,,2026-04-09
FPF-OCRATECASHSEC_PERCENT,fpf,,,,2026-04-09
FPF-STRATEGY_CREDIT_BORROWING_PCTCHANGE,fpf,,,,2026-04-09
FPF-STRATEGY_CREDIT_BORROWING_SUM,fpf,,,,2026-04-09
FPF-STRATEGY_CREDIT_CASHRATIO_GAVWMEAN,fpf,,,,2026-04-09
FPF-STRATEGY_CREDIT_CASHRATIO_NAVWMEAN,fpf,,,,2026-04-09
FPF-STRATEGY_CREDIT_COUNT,fpf,,,,2026-04-09
FPF-STRATEGY_CREDIT_GAV_PCTCHANGE,fpf,,,,2026-04-09
FPF-STRATEGY_CREDIT_GAV_SUM,fpf,,,,2026-04-09
FPF-STRATEGY_CREDIT_GNE_CHANGE,fpf,,,,2026-04-09
FPF-STRATEGY_CREDIT_GNE_PCTCHANGE,fpf,,,,2026-04-09
FPF-STRATEGY_CREDIT_GNE_SUM,fpf,,,,2026-04-09
FPF-STRATEGY_CREDIT_GROSSRETURN_GAVWMEAN,fpf,,,,2026-04-09
FPF-STRATEGY_CREDIT_GROSSRETURN_NAVWMEAN,fpf,,,,2026-04-09
FPF-STRATEGY_CREDIT_LEVERAGERATIO_GAVWMEAN,fpf,,,,2026-04-09
FPF-STRATEGY_CREDIT_LEVERAGERATIO_NAVWMEAN,fpf,,,,2026-04-09
FPF-STRATEGY_CREDIT_NAV_PCTCHANGE,fpf,,,,2026-04-09
FPF-STRATEGY_CREDIT_NAV_SUM,fpf,,,,2026-04-09
FPF-STRATEGY_CREDIT_NETRETURN_GAVWMEAN,fpf,,,,2026-04-09
FPF-STRATEGY_CREDIT_NETRETURN_NAVWMEAN,fpf,,,,2026-04-09
FPF-STRATEGY_EQUITY_BORROWING_PCTCHANGE,fpf,,,,2026-04-09
FPF-STRATEGY_EQUITY_BORROWING_SUM,fpf,,,,2026-04-09
FPF-STRATEGY_EQUITY_CASHRATIO_GAVWMEAN,fpf,,,,2026-04-09
FPF-STRATEGY_EQUITY_CASHRATIO_NAVWMEAN,fpf,,,,2026-04-09
FPF-STRATEGY_EQUITY_COUNT,fpf,,,,2026-04-09
FPF-STRATEGY_EQUITY_GAV_PCTCHANGE,fpf,,,,2026-04-09
FPF-STRATEGY_EQUITY_GAV_SUM,fpf,,,,2026-04-09
FPF-STRATEGY_EQUITY_GNE_CHANGE,fpf,,,,2026-04-09
FPF-STRATEGY_EQUITY_GNE_PCTCHANGE,fpf,,,,2026-04-09
FPF-STRATEGY_EQUITY_GNE_SUM,fpf,,,,2026-04-09
FPF-STRATEGY_EQUITY_GROSSRETURN_GAVWMEAN,fpf,,,,2026-04-09
FPF-STRATEGY_EQUITY_GROSSRETURN_NAVWMEAN,fpf,,,,2026-04-09
FPF-STRATEGY_EQUITY_LEVERAGERATIO_GAVWMEAN,fpf,,,,2026-04-09
FPF-STRATEGY_EQUITY_LEVERAGERATIO_NAVWMEAN,fpf,,,,2026-04-09
FPF-STRATEGY_EQUITY_NAV_PCTCHANGE,fpf,,,,2026-04-09
FPF-STRATEGY_EQUITY_NAV_SUM,fpf,,,,2026-04-09
FPF-STRATEGY_EQUITY_NETRETURN_GAVWMEAN,fpf,,,,2026-04-09
FPF-STRATEGY_EQUITY_NETRETURN_NAVWMEAN,fpf,,,,2026-04-09
FPF-STRATEGY_EVENT_BORROWING_PCTCHANGE,fpf,,,,2026-04-09
FPF-STRATEGY_EVENT_BORROWING_SUM,fpf,,,,2026-04-09
FPF-STRATEGY_EVENT_CASHRATIO_GAVWMEAN,fpf,,,,2026-04-09
FPF-STRATEGY_EVENT_CASHRATIO_NAVWMEAN,fpf,,,,2026-04-09
FPF-STRATEGY_EVENT_COUNT,fpf,,,,2026-04-09
FPF-STRATEGY_EVENT_GAV_PCTCHANGE,fpf,,,,2026-04-09
FPF-STRATEGY_EVENT_GAV_SUM,fpf,,,,2026-04-09
FPF-STRATEGY_EVENT_GNE_CHANGE,fpf,,,,2026-04-09
FPF-STRATEGY_EVENT_GNE_PCTCHANGE,fpf,,,,2026-04-09
FPF-STRATEGY_EVENT_GNE_SUM,fpf,,,,2026-04-09
FPF-STRATEGY_EVENT_GROSSRETURN_GAVWMEAN,fpf,,,,2026-04-09
FPF-STRATEGY_EVENT_GROSSRETURN_NAVWMEAN,fpf,,,,2026-04-09
FPF-STRATEGY_EVENT_LEVERAGERATIO_GAVWMEAN,fpf,,,,2026-04-09
FPF-STRATEGY_EVENT_LEVERAGERATIO_NAVWMEAN,fpf,,,,2026-04-09
FPF-STRATEGY_EVENT_NAV_PCTCHANGE,fpf,,,,2026-04-09
FPF-STRATEGY_EVENT_NAV_SUM,fpf,,,,2026-04-09
FPF-STRATEGY_EVENT_NETRETURN_GAVWMEAN,fpf,,,,2026-04-09
FPF-STRATEGY_EVENT_NETRETURN_NAVWMEAN,fpf,,,,2026-04-09
FPF-STRATEGY_FOF_CASHRATIO_GAVWMEAN,fpf,,,,2026-04-09
FPF-STRATEGY_FOF_CASHRATIO_NAVWMEAN,fpf,,,,2026-04-09
FPF-STRATEGY_FOF_COUNT,fpf,,,,2026-04-09
FPF-STRATEGY_FOF_GAV_PCTCHANGE,fpf,,,,2026-04-09
FPF-STRATEGY_FOF_GAV_SUM,fpf,,,,2026-04-09
FPF-STRATEGY_FOF_GNE_CHANGE,fpf,,,,2026-04-09
FPF-STRATEGY_FOF_GNE_PCTCHANGE,fpf,,,,2026-04-09
FPF-STRATEGY_FOF_GNE_SUM,fpf,,,,2026-04-09
FPF-STRATEGY_FOF_LEVERAGERATIO_GAVWMEAN,fpf,,,,2026-04-09
FPF-STRATEGY_FOF_LEVERAGERATIO_NAVWMEAN,fpf,,,,2026-04-09
FPF-STRATEGY_FOF_NAV_PCTCHANGE,fpf,,,,2026-04-09
FPF-STRATEGY_FOF_NAV_SUM,fpf,,,,2026-04-09
FPF-STRATEGY_FUTURES_CASHRATIO_GAVWMEAN,fpf,,,,2026-04-09
FPF-STRATEGY_FUTURES_CASHRATIO_NAVWMEAN,fpf,,,,2026-04-09
FPF-STRATEGY_FUTURES_COUNT,fpf,,,,2026-04-09
FPF-STRATEGY_FUTURES_GAV_PCTCHANGE,fpf,,,,2026-04-09
FPF-STRATEGY_FUTURES_GAV_SUM,fpf,,,,2026-04-09
FPF-STRATEGY_FUTURES_GNE_CHANGE,fpf,,,,2026-04-09
FPF-STRATEGY_FUTURES_GNE_PCTCHANGE,fpf,,,,2026-04-09
FPF-STRATEGY_FUTURES_GNE_SUM,fpf,,,,2026-04-09
FPF-STRATEGY_FUTURES_GROSSRETURN_GAVWMEAN,fpf,,,,2026-04-09
FPF-STRATEGY_FUTURES_GROSSRETURN_NAVWMEAN,fpf,,,,2026-04-09
FPF-STRATEGY_FUTURES_LEVERAGERATIO_GAVWMEAN,fpf,,,,2026-04-09
FPF-STRATEGY_FUTURES_LEVERAGERATIO_NAVWMEAN,fpf,,,,2026-04-09
FPF-STRATEGY_FUTURES_NAV_PCTCHANGE,fpf,,,,2026-04-09
FPF-STRATEGY_FUTURES_NAV_SUM,fpf,,,,2026-04-09
FPF-STRATEGY_FUTURES_NETRETURN_GAVWMEAN,fpf,,,,2026-04-09
FPF-STRATEGY_FUTURES_NETRETURN_NAVWMEAN,fpf,,,,2026-04-09
FPF-STRATEGY_MACRO_BORROWING_PCTCHANGE,fpf,,,,2026-04-09
FPF-STRATEGY_MACRO_BORROWING_SUM,fpf,,,,2026-04-09
FPF-STRATEGY_MACRO_CASHRATIO_GAVWMEAN,fpf,,,,2026-04-09
FPF-STRATEGY_MACRO_CASHRATIO_NAVWMEAN,fpf,,,,2026-04-09
FPF-STRATEGY_MACRO_COUNT,fpf,,,,2026-04-09
FPF-STRATEGY_MACRO_GAV_PCTCHANGE,fpf,,,,2026-04-09
FPF-STRATEGY_MACRO_GAV_SUM,fpf,,,,2026-04-09
FPF-STRATEGY_MACRO_GNE_CHANGE,fpf,,,,2026-04-09
FPF-STRATEGY_MACRO_GNE_PCTCHANGE,fpf,,,,2026-04-09
FPF-STRATEGY_MACRO_GNE_SUM,fpf,,,,2026-04-09
FPF-STRATEGY_MACRO_GROSSRETURN_GAVWMEAN,fpf,,,,2026-04-09
FPF-STRATEGY_MACRO_GROSSRETURN_NAVWMEAN,fpf,,,,2026-04-09
FPF-STRATEGY_MACRO_LEVERAGERATIO_GAVWMEAN,fpf,,,,2026-04-09
FPF-STRATEGY_MACRO_LEVERAGERATIO_NAVWMEAN,fpf,,,,2026-04-09
FPF-STRATEGY_MACRO_NAV_PCTCHANGE,fpf,,,,2026-04-09
FPF-STRATEGY_MACRO_NAV_SUM,fpf,,,,2026-04-09
FPF-STRATEGY_MACRO_NETRETURN_GAVWMEAN,fpf,,,,2026-04-09
FPF-STRATEGY_MACRO_NETRETURN_NAVWMEAN,fpf,,,,2026-04-09
FPF-STRATEGY_MULTI_BORROWING_PCTCHANGE,fpf,,,,2026-04-09
FPF-STRATEGY_MULTI_BORROWING_SUM,fpf,,,,2026-04-09
FPF-STRATEGY_MULTI_CASHRATIO_GAVWMEAN,fpf,,,,2026-04-09
FPF-STRATEGY_MULTI_CASHRATIO_NAVWMEAN,fpf,,,,2026-04-09
FPF-STRATEGY_MULTI_COUNT,fpf,,,,2026-04-09
FPF-STRATEGY_MULTI_GAV_PCTCHANGE,fpf,,,,2026-04-09
FPF-STRATEGY_MULTI_GAV_SUM,fpf,,,,2026-04-09
FPF-STRATEGY_MULTI_GNE_CHANGE,fpf,,,,2026-04-09
FPF-STRATEGY_MULTI_GNE_PCTCHANGE,fpf,,,,2026-04-09
FPF-STRATEGY_MULTI_GNE_SUM,fpf,,,,2026-04-09
FPF-STRATEGY_MULTI_GROSSRETURN_GAVWMEAN,fpf,,,,2026-04-09
FPF-STRATEGY_MULTI_GROSSRETURN_NAVWMEAN,fpf,,,,2026-04-09
FPF-STRATEGY_MULTI_LEVERAGERATIO_GAVWMEAN,fpf,,,,2026-04-09
FPF-STRATEGY_MULTI_LEVERAGERATIO_NAVWMEAN,fpf,,,,2026-04-09
FPF-STRATEGY_MULTI_NAV_PCTCHANGE,fpf,,,,2026-04-09
FPF-STRATEGY_MULTI_NAV_SUM,fpf,,,,2026-04-09
FPF-STRATEGY_MULTI_NETRETURN_GAVWMEAN,fpf,,,,2026-04-09
FPF-STRATEGY_MULTI_NETRETURN_NAVWMEAN,fpf,,,,2026-04-09
FPF-STRATEGY_OTHER_BORROWING_PCTCHANGE,fpf,,,,2026-04-09
FPF-STRATEGY_OTHER_BORROWING_SUM,fpf,,,,2026-04-09
FPF-STRATEGY_OTHER_CASHRATIO_GAVWMEAN,fpf,,,,2026-04-09
FPF-STRATEGY_OTHER_CASHRATIO_NAVWMEAN,fpf,,,,2026-04-09
FPF-STRATEGY_OTHER_COUNT,fpf,,,,2026-04-09
FPF-STRATEGY_OTHER_GAV_PCTCHANGE,fpf,,,,2026-04-09
FPF-STRATEGY_OTHER_GAV_SUM,fpf,,,,2026-04-09
FPF-STRATEGY_OTHER_GNE_CHANGE,fpf,,,,2026-04-09
FPF-STRATEGY_OTHER_GNE_PCTCHANGE,fpf,,,,2026-04-09
FPF-STRATEGY_OTHER_GNE_SUM,fpf,,,,2026-04-09
FPF-STRATEGY_OTHER_GROSSRETURN_GAVWMEAN,fpf,,,,2026-04-09
FPF-STRATEGY_OTHER_GROSSRETURN_NAVWMEAN,fpf,,,,2026-04-09
FPF-STRATEGY_OTHER_LEVERAGERATIO_GAVWMEAN,fpf,,,,2026-04-09
FPF-STRATEGY_OTHER_LEVERAGERATIO_NAVWMEAN,fpf,,,,2026-04-09
FPF-STRATEGY_OTHER_NAV_PCTCHANGE,fpf,,,,2026-04-09
FPF-STRATEGY_OTHER_NAV_SUM,fpf,,,,2026-04-09
FPF-STRATEGY_OTHER_NETRETURN_GAVWMEAN,fpf,,,,2026-04-09
FPF-STRATEGY_OTHER_NETRETURN_NAVWMEAN,fpf,,,,2026-04-09
FPF-STRATEGY_RV_BORROWING_PCTCHANGE,fpf,,,,2026-04-09
FPF-STRATEGY_RV_BORROWING_SUM,fpf,,,,2026-04-09
FPF-STRATEGY_RV_CASHRATIO_GAVWMEAN,fpf,,,,2026-04-09
FPF-STRATEGY_RV_CASHRATIO_NAVWMEAN,fpf,,,,2026-04-09
FPF-STRATEGY_RV_COUNT,fpf,,,,2026-04-09
FPF-STRATEGY_RV_GAV_PCTCHANGE,fpf,,,,2026-04-09
FPF-STRATEGY_RV_GAV_SUM,fpf,,,,2026-04-09
FPF-STRATEGY_RV_GNE_CHANGE,fpf,,,,2026-04-09
FPF-STRATEGY_RV_GNE_PCTCHANGE,fpf,,,,2026-04-09
FPF-STRATEGY_RV_GNE_SUM,fpf,,,,2026-04-09
FPF-STRATEGY_RV_GROSSRETURN_GAVWMEAN,fpf,,,,2026-04-09
FPF-STRATEGY_RV_GROSSRETURN_NAVWMEAN,fpf,,,,2026-04-09
FPF-STRATEGY_RV_LEVERAGERATIO_GAVWMEAN,fpf,,,,2026-04-09
FPF-STRATEGY_RV_LEVERAGERATIO_NAVWMEAN,fpf,,,,2026-04-09
FPF-STRATEGY_RV_NAV_PCTCHANGE,fpf,,,,2026-04-09
FPF-STRATEGY_RV_NAV_SUM,fpf,,,,2026-04-09
FPF-STRATEGY_RV_NETRETURN_GAVWMEAN,fpf,,,,2026-04-09
FPF-STRATEGY_RV_NETRETURN_NAVWMEAN,fpf,,,,2026-04-09
SCOOS-NET_BSCAPACITY,scoos,,,,2026-04-09
SCOOS-NET_COLLATTERMS,scoos,,,,2026-04-09
SCOOS-NET_CPSTRENGTH,scoos,,,,2026-04-09
SCOOS-NET_HF_CREDITAVAILABILITY,scoos,,,,2026-04-09
SCOOS-NET_HF_CREDITPRICE,scoos,,,,2026-04-09
SCOOS-NET_HF_CREDITTERMS,scoos,,,,2026-04-09
SCOOS-NET_HF_LEVERAGEUSE,scoos,,,,2026-04-09
SCOOS-NET_HF_MOSTFAVORED,scoos,,,,2026-04-09
SCOOS-NET_HF_NEGOTIATIONEFFORTS,scoos,,,,2026-04-09
SCOOS-NET_INTERNALCHARGES,scoos,,,,2026-04-09
SCOOS-NET_LENDERCOMPET,scoos,,,,2026-04-09
SCOOS-NET_LENDERWILLINGNESS,scoos,,,,2026-04-09
SCOOS-NET_LIQCONDITIONS,scoos,,,,2026-04-09
TFF-AI_TREAS_LONG_DV01,tff,,,,2026-04-09
TFF-AI_TREAS_LONG_POS10YREQV,tff,,,,2026-04-09
TFF-AI_TREAS_LONG_POSITION,tff,,,,2026-04-09
TFF-AI_TREAS_SHORT_DV01,tff,,,,2026-04-09
TFF-AI_TREAS_SHORT_POS10YREQV,tff,,,,2026-04-09
TFF-AI_TREAS_SHORT_POSITION,tff,,,,2026-04-09
TFF-DI_TREAS_LONG_DV01,tff,,,,2026-04-09
TFF-DI_TREAS_LONG_POS10YREQV,tff,,,,2026-04-09
TFF-DI_TREAS_LONG_POSITION,tff,,,,2026-04-09
TFF-DI_TREAS_SHORT_DV01,tff,,,,2026-04-09
TFF-DI_TREAS_SHORT_POS10YREQV,tff,,,,2026-04-09
TFF-DI_TREAS_SHORT_POSITION,tff,,,,2026-04-09
TFF-LF_AD_LONG_POSITION,tff,,,,2026-04-09
TFF-LF_AD_NET_POSITION,tff,,,,2026-04-09
TFF-LF_AD_SHORT_POSITION,tff,,,,2026-04-09
TFF-LF_BITCOIN_LONG_POSITION,tff,,,,2026-04-09
TFF-LF_BITCOIN_NET_POSITION,tff,,,,2026-04-09
TFF-LF_BITCOIN_SHORT_POSITION,tff,,,,2026-04-09
TFF-LF_BP_LONG_POSITION,tff,,,,2026-04-09
TFF-LF_BP_NET_POSITION,tff,,,,2026-04-09
TFF-LF_BP_SHORT_POSITION,tff,,,,2026-04-09
TFF-LF_BR_LONG_POSITION,tff,,,,2026-04-09
TFF-LF_BR_NET_POSITION,tff,,,,2026-04-09
TFF-LF_BR_SHORT_POSITION,tff,,,,2026-04-09
TFF-LF_CD_LONG_POSITION,tff,,,,2026-04-09
TFF-LF_CD_NET_POSITION,tff,,,,2026-04-09
TFF-LF_CD_SHORT_POSITION,tff,,,,2026-04-09
TFF-LF_DJ_LONG_POSITION,tff,,,,2026-04-09
TFF-LF_DJ_NET_POSITION,tff,,,,2026-04-09
TFF-LF_DJ_SHORT_POSITION,tff,,,,2026-04-09
TFF-LF_DX_LONG_POSITION,tff,,,,2026-04-09
TFF-LF_DX_NET_POSITION,tff,,,,2026-04-09
TFF-LF_DX_SHORT_POSITION,tff,,,,2026-04-09
TFF-LF_EC_LONG_POSITION,tff,,,,2026-04-09
TFF-LF_EC_NET_POSITION,tff,,,,2026-04-09
TFF-LF_EC_SHORT_POSITION,tff,,,,2026-04-09
TFF-LF_ED_LONG_DV01,tff,,,,2026-04-09
TFF-LF_ED_LONG_POS10YREQV,tff,,,,2026-04-09
TFF-LF_ED_LONG_POSITION,tff,,,,2026-04-09
TFF-LF_ED_NET_DV01,tff,,,,2026-04-09
TFF-LF_ED_NET_POS10YREQV,tff,,,,2026-04-09
TFF-LF_ED_NET_POSITION,tff,,,,2026-04-09
TFF-LF_ED_SHORT_DV01,tff,,,,2026-04-09
TFF-LF_ED_SHORT_POS10YREQV,tff,,,,2026-04-09
TFF-LF_ED_SHORT_POSITION,tff,,,,2026-04-09
TFF-LF_ETHER_LONG_POSITION,tff,,,,2026-04-09
TFF-LF_ETHER_NET_POSITION,tff,,,,2026-04-09
TFF-LF_ETHER_SHORT_POSITION,tff,,,,2026-04-09
TFF-LF_FF_LONG_DV01,tff,,,,2026-04-09
TFF-LF_FF_LONG_POS10YREQV,tff,,,,2026-04-09
TFF-LF_FF_LONG_POSITION,tff,,,,2026-04-09
TFF-LF_FF_NET_DV01,tff,,,,2026-04-09
TFF-LF_FF_NET_POS10YREQV,tff,,,,2026-04-09
TFF-LF_FF_NET_POSITION,tff,,,,2026-04-09
TFF-LF_FF_SHORT_DV01,tff,,,,2026-04-09
TFF-LF_FF_SHORT_POS10YREQV,tff,,,,2026-04-09
TFF-LF_FF_SHORT_POSITION,tff,,,,2026-04-09
TFF-LF_FV_LONG_POS10YREQV,tff,,,,2026-04-09
TFF-LF_FV_LONG_POSITION,tff,,,,2026-04-09
TFF-LF_FV_NET_POS10YREQV,tff,,,,2026-04-09
TFF-LF_FV_NET_POSITION,tff,,,,2026-04-09
TFF-LF_FV_SHORT_POS10YREQV,tff,,,,2026-04-09
TFF-LF_FV_SHORT_POSITION,tff,,,,2026-04-09
TFF-LF_JY_LONG_POSITION,tff,,,,2026-04-09
TFF-LF_JY_NET_POSITION,tff,,,,2026-04-09
TFF-LF_JY_SHORT_POSITION,tff,,,,2026-04-09
TFF-LF_ND_LONG_POSITION,tff,,,,2026-04-09
TFF-LF_ND_NET_POSITION,tff,,,,2026-04-09
TFF-LF_ND_SHORT_POSITION,tff,,,,2026-04-09
TFF-LF_NV_LONG_POSITION,tff,,,,2026-04-09
TFF-LF_NV_NET_POSITION,tff,,,,2026-04-09
TFF-LF_NV_SHORT_POSITION,tff,,,,2026-04-09
TFF-LF_NX_LONG_POSITION,tff,,,,2026-04-09
TFF-LF_NX_NET_POSITION,tff,,,,2026-04-09
TFF-LF_NX_SHORT_POSITION,tff,,,,2026-04-09
TFF-LF_PE_LONG_POSITION,tff,,,,2026-04-09
TFF-LF_PE_NET_POSITION,tff,,,,2026-04-09
TFF-LF_PE_SHORT_POSITION,tff,,,,2026-04-09
TFF-LF_RA_LONG_POSITION,tff,,,,2026-04-09
TFF-LF_RA_NET_POSITION,tff,,,,2026-04-09
TFF-LF_RA_SHORT_POSITION,tff,,,,2026-04-09
TFF-LF_SER_LONG_DV01,tff,,,,2026-04-09
TFF-LF_SER_LONG_POS10YREQV,tff,,,,2026-04-09
TFF-LF_SER_LONG_POSITION,tff,,,,2026-04-09
TFF-LF_SER_NET_DV01,tff,,,,2026-04-09
TFF-LF_SER_NET_POS10YREQV,tff,,,,2026-04-09
TFF-LF_SER_NET_POSITION,tff,,,,2026-04-09
TFF-LF_SER_SHORT_DV01,tff,,,,2026-04-09
TFF-LF_SER_SHORT_POS10YREQV,tff,,,,2026-04-09
TFF-LF_SER_SHORT_POSITION,tff,,,,2026-04-09
TFF-LF_SFR_LONG_DV01,tff,,,,2026-04-09
TFF-LF_SFR_LONG_POS10YREQV,tff,,,,2026-04-09
TFF-LF_SFR_LONG_POSITION,tff,,,,2026-04-09
TFF-LF_SFR_NET_DV01,tff,,,,2026-04-09
TFF-LF_SFR_NET_POS10YREQV,tff,,,,2026-04-09
TFF-LF_SFR_NET_POSITION,tff,,,,2026-04-09
TFF-LF_SFR_SHORT_DV01,tff,,,,2026-04-09
TFF-LF_SFR_SHORT_POS10YREQV,tff,,,,2026-04-09
TFF-LF_SFR_SHORT_POSITION,tff,,,,2026-04-09
TFF-LF_SF_LONG_POSITION,tff,,,,2026-04-09
TFF-LF_SF_NET_POSITION,tff,,,,2026-04-09
TFF-LF_SF_SHORT_POSITION,tff,,,,2026-04-09
TFF-LF_SP_LONG_POSITION,tff,,,,2026-04-09
TFF-LF_SP_NET_POSITION,tff,,,,2026-04-09
TFF-LF_SP_SHORT_POSITION,tff,,,,2026-04-09
TFF-LF_TREAS_LONG_DV01,tff,,,,2026-04-09
TFF-LF_TREAS_LONG_POS10YREQV,tff,,,,2026-04-09
TFF-LF_TREAS_LONG_POSITION,tff,,,,2026-04-09
TFF-LF_TREAS_NET_DV01,tff,,,,2026-04-09
TFF-LF_TREAS_NET_POS10YREQV,tff,,,,2026-04-09
TFF-LF_TREAS_NET_POSITION,tff,,,,2026-04-09
TFF-LF_TREAS_SHORT_DV01,tff,,,,2026-04-09
TFF-LF_TREAS_SHORT_POS10YREQV,tff,,,,2026-04-09
TFF-LF_TREAS_SHORT_POSITION,tff,,,,2026-04-09
TFF-LF_TU_LONG_POS10YREQV,tff,,,,2026-04-09
TFF-LF_TU_LONG_POSITION,tff,,,,2026-04-09
TFF-LF_TU_NET_POS10YREQV,tff,,,,2026-04-09
TFF-LF_TU_NET_POSITION,tff,,,,2026-04-09
TFF-LF_TU_SHORT_POS10YREQV,tff,,,,2026-04-09
TFF-LF_TU_SHORT_POSITION,tff,,,,2026-04-09
TFF-LF_TY_LONG_POS10YREQV,tff,,,,2026-04-09
TFF-LF_TY_LONG_POSITION,tff,,,,2026-04-09
TFF-LF_TY_NET_POS10YREQV,tff,,,,2026-04-09
TFF-LF_TY_NET_POSITION,tff,,,,2026-04-09
TFF-LF_TY_SHORT_POS10YREQV,tff,,,,2026-04-09
TFF-LF_TY_SHORT_POSITION,tff,,,,2026-04-09
TFF-LF_US_LONG_POS10YREQV,tff,,,,2026-04-09
TFF-LF_US_LONG_POSITION,tff,,,,2026-04-09
TFF-LF_US_NET_POS10YREQV,tff,,,,2026-04-09
TFF-LF_US_NET_POSITION,tff,,,,2026-04-09
TFF-LF_US_SHORT_POS10YREQV,tff,,,,2026-04-09
TFF-LF_US_SHORT_POSITION,tff,,,,2026-04-09
TFF-LF_UXY_LONG_POS10YREQV,tff,,,,2026-04-09
TFF-LF_UXY_LONG_POSITION,tff,,,,2026-04-09
TFF-LF_UXY_NET_POS10YREQV,tff,,,,2026-04-09
TFF-LF_UXY_NET_POSITION,tff,,,,2026-04-09
TFF-LF_UXY_SHORT_POS10YREQV,tff,,,,2026-04-09
TFF-LF_UXY_SHORT_POSITION,tff,,,,2026-04-09
TFF-LF_VIX_LONG_POSITION,tff,,,,2026-04-09
TFF-LF_VIX_NET_POSITION,tff,,,,2026-04-09
TFF-LF_VIX_SHORT_POSITION,tff,,,,2026-04-09
TFF-LF_WN_LONG_POS10YREQV,tff,,,,2026-04-09
TFF-LF_WN_LONG_POSITION,tff,,,,2026-04-09
TFF-LF_WN_NET_POS10YREQV,tff,,,,2026-04-09
TFF-LF_WN_NET_POSITION,tff,,,,2026-04-09
TFF-LF_WN_SHORT_POS10YREQV,tff,,,,2026-04-09
TFF-LF_WN_SHORT_POSITION,tff,,,,2026-04-09
TFF-OR_TREAS_LONG_DV01,tff,,,,2026-04-09
TFF-OR_TREAS_LONG_POS10YREQV,tff,,,,2026-04-09
TFF-OR_TREAS_LONG_POSITION,tff,,,,2026-04-09
TFF-OR_TREAS_SHORT_DV01,tff,,,,2026-04-09
TFF-OR_TREAS_SHORT_POS10YREQV,tff,,,,2026-04-09
TFF-OR_TREAS_SHORT_POSITION,tff,,,,2026-04-09